image,label
Img/img001-001.png,0
Img/img001-002.png,0
Img/img001-003.png,0
Img/img001-004.png,0
Img/img001-005.png,0
Img/img001-006.png,0
Img/img001-007.png,0
Img/img001-008.png,0
Img/img001-009.png,0
Img/img001-010.png,0
Img/img001-011.png,0
Img/img001-012.png,0
Img/img001-013.png,0
Img/img001-014.png,0
Img/img001-015.png,0
Img/img001-016.png,0
Img/img001-017.png,0
Img/img001-018.png,0
Img/img001-019.png,0
Img/img001-020.png,0
Img/img001-021.png,0
Img/img001-022.png,0
Img/img001-023.png,0
Img/img001-024.png,0
Img/img001-025.png,0
Img/img001-026.png,0
Img/img001-027.png,0
Img/img001-028.png,0
Img/img001-029.png,0
Img/img001-030.png,0
Img/img001-031.png,0
Img/img001-032.png,0
Img/img001-033.png,0
Img/img001-034.png,0
Img/img001-035.png,0
Img/img001-036.png,0
Img/img001-037.png,0
Img/img001-038.png,0
Img/img001-039.png,0
Img/img001-040.png,0
Img/img001-041.png,0
Img/img001-042.png,0
Img/img001-043.png,0
Img/img001-044.png,0
Img/img001-045.png,0
Img/img001-046.png,0
Img/img001-047.png,0
Img/img001-048.png,0
Img/img001-049.png,0
Img/img001-050.png,0
Img/img001-051.png,0
Img/img001-052.png,0
Img/img001-053.png,0
Img/img001-054.png,0
Img/img001-055.png,0
Img/img002-001.png,1
Img/img002-002.png,1
Img/img002-003.png,1
Img/img002-004.png,1
Img/img002-005.png,1
Img/img002-006.png,1
Img/img002-007.png,1
Img/img002-008.png,1
Img/img002-009.png,1
Img/img002-010.png,1
Img/img002-011.png,1
Img/img002-012.png,1
Img/img002-013.png,1
Img/img002-014.png,1
Img/img002-015.png,1
Img/img002-016.png,1
Img/img002-017.png,1
Img/img002-018.png,1
Img/img002-019.png,1
Img/img002-020.png,1
Img/img002-021.png,1
Img/img002-022.png,1
Img/img002-023.png,1
Img/img002-024.png,1
Img/img002-025.png,1
Img/img002-026.png,1
Img/img002-027.png,1
Img/img002-028.png,1
Img/img002-029.png,1
Img/img002-030.png,1
Img/img002-031.png,1
Img/img002-032.png,1
Img/img002-033.png,1
Img/img002-034.png,1
Img/img002-035.png,1
Img/img002-036.png,1
Img/img002-037.png,1
Img/img002-038.png,1
Img/img002-039.png,1
Img/img002-040.png,1
Img/img002-041.png,1
Img/img002-042.png,1
Img/img002-043.png,1
Img/img002-044.png,1
Img/img002-045.png,1
Img/img002-046.png,1
Img/img002-047.png,1
Img/img002-048.png,1
Img/img002-049.png,1
Img/img002-050.png,1
Img/img002-051.png,1
Img/img002-052.png,1
Img/img002-053.png,1
Img/img002-054.png,1
Img/img002-055.png,1
Img/img003-001.png,2
Img/img003-002.png,2
Img/img003-003.png,2
Img/img003-004.png,2
Img/img003-005.png,2
Img/img003-006.png,2
Img/img003-007.png,2
Img/img003-008.png,2
Img/img003-009.png,2
Img/img003-010.png,2
Img/img003-011.png,2
Img/img003-012.png,2
Img/img003-013.png,2
Img/img003-014.png,2
Img/img003-015.png,2
Img/img003-016.png,2
Img/img003-017.png,2
Img/img003-018.png,2
Img/img003-019.png,2
Img/img003-020.png,2
Img/img003-021.png,2
Img/img003-022.png,2
Img/img003-023.png,2
Img/img003-024.png,2
Img/img003-025.png,2
Img/img003-026.png,2
Img/img003-027.png,2
Img/img003-028.png,2
Img/img003-029.png,2
Img/img003-030.png,2
Img/img003-031.png,2
Img/img003-032.png,2
Img/img003-033.png,2
Img/img003-034.png,2
Img/img003-035.png,2
Img/img003-036.png,2
Img/img003-037.png,2
Img/img003-038.png,2
Img/img003-039.png,2
Img/img003-040.png,2
Img/img003-041.png,2
Img/img003-042.png,2
Img/img003-043.png,2
Img/img003-044.png,2
Img/img003-045.png,2
Img/img003-046.png,2
Img/img003-047.png,2
Img/img003-048.png,2
Img/img003-049.png,2
Img/img003-050.png,2
Img/img003-051.png,2
Img/img003-052.png,2
Img/img003-053.png,2
Img/img003-054.png,2
Img/img003-055.png,2
Img/img004-001.png,3
Img/img004-002.png,3
Img/img004-003.png,3
Img/img004-004.png,3
Img/img004-005.png,3
Img/img004-006.png,3
Img/img004-007.png,3
Img/img004-008.png,3
Img/img004-009.png,3
Img/img004-010.png,3
Img/img004-011.png,3
Img/img004-012.png,3
Img/img004-013.png,3
Img/img004-014.png,3
Img/img004-015.png,3
Img/img004-016.png,3
Img/img004-017.png,3
Img/img004-018.png,3
Img/img004-019.png,3
Img/img004-020.png,3
Img/img004-021.png,3
Img/img004-022.png,3
Img/img004-023.png,3
Img/img004-024.png,3
Img/img004-025.png,3
Img/img004-026.png,3
Img/img004-027.png,3
Img/img004-028.png,3
Img/img004-029.png,3
Img/img004-030.png,3
Img/img004-031.png,3
Img/img004-032.png,3
Img/img004-033.png,3
Img/img004-034.png,3
Img/img004-035.png,3
Img/img004-036.png,3
Img/img004-037.png,3
Img/img004-038.png,3
Img/img004-039.png,3
Img/img004-040.png,3
Img/img004-041.png,3
Img/img004-042.png,3
Img/img004-043.png,3
Img/img004-044.png,3
Img/img004-045.png,3
Img/img004-046.png,3
Img/img004-047.png,3
Img/img004-048.png,3
Img/img004-049.png,3
Img/img004-050.png,3
Img/img004-051.png,3
Img/img004-052.png,3
Img/img004-053.png,3
Img/img004-054.png,3
Img/img004-055.png,3
Img/img005-001.png,4
Img/img005-002.png,4
Img/img005-003.png,4
Img/img005-004.png,4
Img/img005-005.png,4
Img/img005-006.png,4
Img/img005-007.png,4
Img/img005-008.png,4
Img/img005-009.png,4
Img/img005-010.png,4
Img/img005-011.png,4
Img/img005-012.png,4
Img/img005-013.png,4
Img/img005-014.png,4
Img/img005-015.png,4
Img/img005-016.png,4
Img/img005-017.png,4
Img/img005-018.png,4
Img/img005-019.png,4
Img/img005-020.png,4
Img/img005-021.png,4
Img/img005-022.png,4
Img/img005-023.png,4
Img/img005-024.png,4
Img/img005-025.png,4
Img/img005-026.png,4
Img/img005-027.png,4
Img/img005-028.png,4
Img/img005-029.png,4
Img/img005-030.png,4
Img/img005-031.png,4
Img/img005-032.png,4
Img/img005-033.png,4
Img/img005-034.png,4
Img/img005-035.png,4
Img/img005-036.png,4
Img/img005-037.png,4
Img/img005-038.png,4
Img/img005-039.png,4
Img/img005-040.png,4
Img/img005-041.png,4
Img/img005-042.png,4
Img/img005-043.png,4
Img/img005-044.png,4
Img/img005-045.png,4
Img/img005-046.png,4
Img/img005-047.png,4
Img/img005-048.png,4
Img/img005-049.png,4
Img/img005-050.png,4
Img/img005-051.png,4
Img/img005-052.png,4
Img/img005-053.png,4
Img/img005-054.png,4
Img/img005-055.png,4
Img/img006-001.png,5
Img/img006-002.png,5
Img/img006-003.png,5
Img/img006-004.png,5
Img/img006-005.png,5
Img/img006-006.png,5
Img/img006-007.png,5
Img/img006-008.png,5
Img/img006-009.png,5
Img/img006-010.png,5
Img/img006-011.png,5
Img/img006-012.png,5
Img/img006-013.png,5
Img/img006-014.png,5
Img/img006-015.png,5
Img/img006-016.png,5
Img/img006-017.png,5
Img/img006-018.png,5
Img/img006-019.png,5
Img/img006-020.png,5
Img/img006-021.png,5
Img/img006-022.png,5
Img/img006-023.png,5
Img/img006-024.png,5
Img/img006-025.png,5
Img/img006-026.png,5
Img/img006-027.png,5
Img/img006-028.png,5
Img/img006-029.png,5
Img/img006-030.png,5
Img/img006-031.png,5
Img/img006-032.png,5
Img/img006-033.png,5
Img/img006-034.png,5
Img/img006-035.png,5
Img/img006-036.png,5
Img/img006-037.png,5
Img/img006-038.png,5
Img/img006-039.png,5
Img/img006-040.png,5
Img/img006-041.png,5
Img/img006-042.png,5
Img/img006-043.png,5
Img/img006-044.png,5
Img/img006-045.png,5
Img/img006-046.png,5
Img/img006-047.png,5
Img/img006-048.png,5
Img/img006-049.png,5
Img/img006-050.png,5
Img/img006-051.png,5
Img/img006-052.png,5
Img/img006-053.png,5
Img/img006-054.png,5
Img/img006-055.png,5
Img/img007-001.png,6
Img/img007-002.png,6
Img/img007-003.png,6
Img/img007-004.png,6
Img/img007-005.png,6
Img/img007-006.png,6
Img/img007-007.png,6
Img/img007-008.png,6
Img/img007-009.png,6
Img/img007-010.png,6
Img/img007-011.png,6
Img/img007-012.png,6
Img/img007-013.png,6
Img/img007-014.png,6
Img/img007-015.png,6
Img/img007-016.png,6
Img/img007-017.png,6
Img/img007-018.png,6
Img/img007-019.png,6
Img/img007-020.png,6
Img/img007-021.png,6
Img/img007-022.png,6
Img/img007-023.png,6
Img/img007-024.png,6
Img/img007-025.png,6
Img/img007-026.png,6
Img/img007-027.png,6
Img/img007-028.png,6
Img/img007-029.png,6
Img/img007-030.png,6
Img/img007-031.png,6
Img/img007-032.png,6
Img/img007-033.png,6
Img/img007-034.png,6
Img/img007-035.png,6
Img/img007-036.png,6
Img/img007-037.png,6
Img/img007-038.png,6
Img/img007-039.png,6
Img/img007-040.png,6
Img/img007-041.png,6
Img/img007-042.png,6
Img/img007-043.png,6
Img/img007-044.png,6
Img/img007-045.png,6
Img/img007-046.png,6
Img/img007-047.png,6
Img/img007-048.png,6
Img/img007-049.png,6
Img/img007-050.png,6
Img/img007-051.png,6
Img/img007-052.png,6
Img/img007-053.png,6
Img/img007-054.png,6
Img/img007-055.png,6
Img/img008-001.png,7
Img/img008-002.png,7
Img/img008-003.png,7
Img/img008-004.png,7
Img/img008-005.png,7
Img/img008-006.png,7
Img/img008-007.png,7
Img/img008-008.png,7
Img/img008-009.png,7
Img/img008-010.png,7
Img/img008-011.png,7
Img/img008-012.png,7
Img/img008-013.png,7
Img/img008-014.png,7
Img/img008-015.png,7
Img/img008-016.png,7
Img/img008-017.png,7
Img/img008-018.png,7
Img/img008-019.png,7
Img/img008-020.png,7
Img/img008-021.png,7
Img/img008-022.png,7
Img/img008-023.png,7
Img/img008-024.png,7
Img/img008-025.png,7
Img/img008-026.png,7
Img/img008-027.png,7
Img/img008-028.png,7
Img/img008-029.png,7
Img/img008-030.png,7
Img/img008-031.png,7
Img/img008-032.png,7
Img/img008-033.png,7
Img/img008-034.png,7
Img/img008-035.png,7
Img/img008-036.png,7
Img/img008-037.png,7
Img/img008-038.png,7
Img/img008-039.png,7
Img/img008-040.png,7
Img/img008-041.png,7
Img/img008-042.png,7
Img/img008-043.png,7
Img/img008-044.png,7
Img/img008-045.png,7
Img/img008-046.png,7
Img/img008-047.png,7
Img/img008-048.png,7
Img/img008-049.png,7
Img/img008-050.png,7
Img/img008-051.png,7
Img/img008-052.png,7
Img/img008-053.png,7
Img/img008-054.png,7
Img/img008-055.png,7
Img/img009-001.png,8
Img/img009-002.png,8
Img/img009-003.png,8
Img/img009-004.png,8
Img/img009-005.png,8
Img/img009-006.png,8
Img/img009-007.png,8
Img/img009-008.png,8
Img/img009-009.png,8
Img/img009-010.png,8
Img/img009-011.png,8
Img/img009-012.png,8
Img/img009-013.png,8
Img/img009-014.png,8
Img/img009-015.png,8
Img/img009-016.png,8
Img/img009-017.png,8
Img/img009-018.png,8
Img/img009-019.png,8
Img/img009-020.png,8
Img/img009-021.png,8
Img/img009-022.png,8
Img/img009-023.png,8
Img/img009-024.png,8
Img/img009-025.png,8
Img/img009-026.png,8
Img/img009-027.png,8
Img/img009-028.png,8
Img/img009-029.png,8
Img/img009-030.png,8
Img/img009-031.png,8
Img/img009-032.png,8
Img/img009-033.png,8
Img/img009-034.png,8
Img/img009-035.png,8
Img/img009-036.png,8
Img/img009-037.png,8
Img/img009-038.png,8
Img/img009-039.png,8
Img/img009-040.png,8
Img/img009-041.png,8
Img/img009-042.png,8
Img/img009-043.png,8
Img/img009-044.png,8
Img/img009-045.png,8
Img/img009-046.png,8
Img/img009-047.png,8
Img/img009-048.png,8
Img/img009-049.png,8
Img/img009-050.png,8
Img/img009-051.png,8
Img/img009-052.png,8
Img/img009-053.png,8
Img/img009-054.png,8
Img/img009-055.png,8
Img/img010-001.png,9
Img/img010-002.png,9
Img/img010-003.png,9
Img/img010-004.png,9
Img/img010-005.png,9
Img/img010-006.png,9
Img/img010-007.png,9
Img/img010-008.png,9
Img/img010-009.png,9
Img/img010-010.png,9
Img/img010-011.png,9
Img/img010-012.png,9
Img/img010-013.png,9
Img/img010-014.png,9
Img/img010-015.png,9
Img/img010-016.png,9
Img/img010-017.png,9
Img/img010-018.png,9
Img/img010-019.png,9
Img/img010-020.png,9
Img/img010-021.png,9
Img/img010-022.png,9
Img/img010-023.png,9
Img/img010-024.png,9
Img/img010-025.png,9
Img/img010-026.png,9
Img/img010-027.png,9
Img/img010-028.png,9
Img/img010-029.png,9
Img/img010-030.png,9
Img/img010-031.png,9
Img/img010-032.png,9
Img/img010-033.png,9
Img/img010-034.png,9
Img/img010-035.png,9
Img/img010-036.png,9
Img/img010-037.png,9
Img/img010-038.png,9
Img/img010-039.png,9
Img/img010-040.png,9
Img/img010-041.png,9
Img/img010-042.png,9
Img/img010-043.png,9
Img/img010-044.png,9
Img/img010-045.png,9
Img/img010-046.png,9
Img/img010-047.png,9
Img/img010-048.png,9
Img/img010-049.png,9
Img/img010-050.png,9
Img/img010-051.png,9
Img/img010-052.png,9
Img/img010-053.png,9
Img/img010-054.png,9
Img/img010-055.png,9
Img/img011-001.png,10
Img/img011-002.png,10
Img/img011-003.png,10
Img/img011-004.png,10
Img/img011-005.png,10
Img/img011-006.png,10
Img/img011-007.png,10
Img/img011-008.png,10
Img/img011-009.png,10
Img/img011-010.png,10
Img/img011-011.png,10
Img/img011-012.png,10
Img/img011-013.png,10
Img/img011-014.png,10
Img/img011-015.png,10
Img/img011-016.png,10
Img/img011-017.png,10
Img/img011-018.png,10
Img/img011-019.png,10
Img/img011-020.png,10
Img/img011-021.png,10
Img/img011-022.png,10
Img/img011-023.png,10
Img/img011-024.png,10
Img/img011-025.png,10
Img/img011-026.png,10
Img/img011-027.png,10
Img/img011-028.png,10
Img/img011-029.png,10
Img/img011-030.png,10
Img/img011-031.png,10
Img/img011-032.png,10
Img/img011-033.png,10
Img/img011-034.png,10
Img/img011-035.png,10
Img/img011-036.png,10
Img/img011-037.png,10
Img/img011-038.png,10
Img/img011-039.png,10
Img/img011-040.png,10
Img/img011-041.png,10
Img/img011-042.png,10
Img/img011-043.png,10
Img/img011-044.png,10
Img/img011-045.png,10
Img/img011-046.png,10
Img/img011-047.png,10
Img/img011-048.png,10
Img/img011-049.png,10
Img/img011-050.png,10
Img/img011-051.png,10
Img/img011-052.png,10
Img/img011-053.png,10
Img/img011-054.png,10
Img/img011-055.png,10
Img/img012-001.png,11
Img/img012-002.png,11
Img/img012-003.png,11
Img/img012-004.png,11
Img/img012-005.png,11
Img/img012-006.png,11
Img/img012-007.png,11
Img/img012-008.png,11
Img/img012-009.png,11
Img/img012-010.png,11
Img/img012-011.png,11
Img/img012-012.png,11
Img/img012-013.png,11
Img/img012-014.png,11
Img/img012-015.png,11
Img/img012-016.png,11
Img/img012-017.png,11
Img/img012-018.png,11
Img/img012-019.png,11
Img/img012-020.png,11
Img/img012-021.png,11
Img/img012-022.png,11
Img/img012-023.png,11
Img/img012-024.png,11
Img/img012-025.png,11
Img/img012-026.png,11
Img/img012-027.png,11
Img/img012-028.png,11
Img/img012-029.png,11
Img/img012-030.png,11
Img/img012-031.png,11
Img/img012-032.png,11
Img/img012-033.png,11
Img/img012-034.png,11
Img/img012-035.png,11
Img/img012-036.png,11
Img/img012-037.png,11
Img/img012-038.png,11
Img/img012-039.png,11
Img/img012-040.png,11
Img/img012-041.png,11
Img/img012-042.png,11
Img/img012-043.png,11
Img/img012-044.png,11
Img/img012-045.png,11
Img/img012-046.png,11
Img/img012-047.png,11
Img/img012-048.png,11
Img/img012-049.png,11
Img/img012-050.png,11
Img/img012-051.png,11
Img/img012-052.png,11
Img/img012-053.png,11
Img/img012-054.png,11
Img/img012-055.png,11
Img/img013-001.png,12
Img/img013-002.png,12
Img/img013-003.png,12
Img/img013-004.png,12
Img/img013-005.png,12
Img/img013-006.png,12
Img/img013-007.png,12
Img/img013-008.png,12
Img/img013-009.png,12
Img/img013-010.png,12
Img/img013-011.png,12
Img/img013-012.png,12
Img/img013-013.png,12
Img/img013-014.png,12
Img/img013-015.png,12
Img/img013-016.png,12
Img/img013-017.png,12
Img/img013-018.png,12
Img/img013-019.png,12
Img/img013-020.png,12
Img/img013-021.png,12
Img/img013-022.png,12
Img/img013-023.png,12
Img/img013-024.png,12
Img/img013-025.png,12
Img/img013-026.png,12
Img/img013-027.png,12
Img/img013-028.png,12
Img/img013-029.png,12
Img/img013-030.png,12
Img/img013-031.png,12
Img/img013-032.png,12
Img/img013-033.png,12
Img/img013-034.png,12
Img/img013-035.png,12
Img/img013-036.png,12
Img/img013-037.png,12
Img/img013-038.png,12
Img/img013-039.png,12
Img/img013-040.png,12
Img/img013-041.png,12
Img/img013-042.png,12
Img/img013-043.png,12
Img/img013-044.png,12
Img/img013-045.png,12
Img/img013-046.png,12
Img/img013-047.png,12
Img/img013-048.png,12
Img/img013-049.png,12
Img/img013-050.png,12
Img/img013-051.png,12
Img/img013-052.png,12
Img/img013-053.png,12
Img/img013-054.png,12
Img/img013-055.png,12
Img/img014-001.png,13
Img/img014-002.png,13
Img/img014-003.png,13
Img/img014-004.png,13
Img/img014-005.png,13
Img/img014-006.png,13
Img/img014-007.png,13
Img/img014-008.png,13
Img/img014-009.png,13
Img/img014-010.png,13
Img/img014-011.png,13
Img/img014-012.png,13
Img/img014-013.png,13
Img/img014-014.png,13
Img/img014-015.png,13
Img/img014-016.png,13
Img/img014-017.png,13
Img/img014-018.png,13
Img/img014-019.png,13
Img/img014-020.png,13
Img/img014-021.png,13
Img/img014-022.png,13
Img/img014-023.png,13
Img/img014-024.png,13
Img/img014-025.png,13
Img/img014-026.png,13
Img/img014-027.png,13
Img/img014-028.png,13
Img/img014-029.png,13
Img/img014-030.png,13
Img/img014-031.png,13
Img/img014-032.png,13
Img/img014-033.png,13
Img/img014-034.png,13
Img/img014-035.png,13
Img/img014-036.png,13
Img/img014-037.png,13
Img/img014-038.png,13
Img/img014-039.png,13
Img/img014-040.png,13
Img/img014-041.png,13
Img/img014-042.png,13
Img/img014-043.png,13
Img/img014-044.png,13
Img/img014-045.png,13
Img/img014-046.png,13
Img/img014-047.png,13
Img/img014-048.png,13
Img/img014-049.png,13
Img/img014-050.png,13
Img/img014-051.png,13
Img/img014-052.png,13
Img/img014-053.png,13
Img/img014-054.png,13
Img/img014-055.png,13
Img/img015-001.png,14
Img/img015-002.png,14
Img/img015-003.png,14
Img/img015-004.png,14
Img/img015-005.png,14
Img/img015-006.png,14
Img/img015-007.png,14
Img/img015-008.png,14
Img/img015-009.png,14
Img/img015-010.png,14
Img/img015-011.png,14
Img/img015-012.png,14
Img/img015-013.png,14
Img/img015-014.png,14
Img/img015-015.png,14
Img/img015-016.png,14
Img/img015-017.png,14
Img/img015-018.png,14
Img/img015-019.png,14
Img/img015-020.png,14
Img/img015-021.png,14
Img/img015-022.png,14
Img/img015-023.png,14
Img/img015-024.png,14
Img/img015-025.png,14
Img/img015-026.png,14
Img/img015-027.png,14
Img/img015-028.png,14
Img/img015-029.png,14
Img/img015-030.png,14
Img/img015-031.png,14
Img/img015-032.png,14
Img/img015-033.png,14
Img/img015-034.png,14
Img/img015-035.png,14
Img/img015-036.png,14
Img/img015-037.png,14
Img/img015-038.png,14
Img/img015-039.png,14
Img/img015-040.png,14
Img/img015-041.png,14
Img/img015-042.png,14
Img/img015-043.png,14
Img/img015-044.png,14
Img/img015-045.png,14
Img/img015-046.png,14
Img/img015-047.png,14
Img/img015-048.png,14
Img/img015-049.png,14
Img/img015-050.png,14
Img/img015-051.png,14
Img/img015-052.png,14
Img/img015-053.png,14
Img/img015-054.png,14
Img/img015-055.png,14
Img/img016-001.png,15
Img/img016-002.png,15
Img/img016-003.png,15
Img/img016-004.png,15
Img/img016-005.png,15
Img/img016-006.png,15
Img/img016-007.png,15
Img/img016-008.png,15
Img/img016-009.png,15
Img/img016-010.png,15
Img/img016-011.png,15
Img/img016-012.png,15
Img/img016-013.png,15
Img/img016-014.png,15
Img/img016-015.png,15
Img/img016-016.png,15
Img/img016-017.png,15
Img/img016-018.png,15
Img/img016-019.png,15
Img/img016-020.png,15
Img/img016-021.png,15
Img/img016-022.png,15
Img/img016-023.png,15
Img/img016-024.png,15
Img/img016-025.png,15
Img/img016-026.png,15
Img/img016-027.png,15
Img/img016-028.png,15
Img/img016-029.png,15
Img/img016-030.png,15
Img/img016-031.png,15
Img/img016-032.png,15
Img/img016-033.png,15
Img/img016-034.png,15
Img/img016-035.png,15
Img/img016-036.png,15
Img/img016-037.png,15
Img/img016-038.png,15
Img/img016-039.png,15
Img/img016-040.png,15
Img/img016-041.png,15
Img/img016-042.png,15
Img/img016-043.png,15
Img/img016-044.png,15
Img/img016-045.png,15
Img/img016-046.png,15
Img/img016-047.png,15
Img/img016-048.png,15
Img/img016-049.png,15
Img/img016-050.png,15
Img/img016-051.png,15
Img/img016-052.png,15
Img/img016-053.png,15
Img/img016-054.png,15
Img/img016-055.png,15
Img/img017-001.png,16
Img/img017-002.png,16
Img/img017-003.png,16
Img/img017-004.png,16
Img/img017-005.png,16
Img/img017-006.png,16
Img/img017-007.png,16
Img/img017-008.png,16
Img/img017-009.png,16
Img/img017-010.png,16
Img/img017-011.png,16
Img/img017-012.png,16
Img/img017-013.png,16
Img/img017-014.png,16
Img/img017-015.png,16
Img/img017-016.png,16
Img/img017-017.png,16
Img/img017-018.png,16
Img/img017-019.png,16
Img/img017-020.png,16
Img/img017-021.png,16
Img/img017-022.png,16
Img/img017-023.png,16
Img/img017-024.png,16
Img/img017-025.png,16
Img/img017-026.png,16
Img/img017-027.png,16
Img/img017-028.png,16
Img/img017-029.png,16
Img/img017-030.png,16
Img/img017-031.png,16
Img/img017-032.png,16
Img/img017-033.png,16
Img/img017-034.png,16
Img/img017-035.png,16
Img/img017-036.png,16
Img/img017-037.png,16
Img/img017-038.png,16
Img/img017-039.png,16
Img/img017-040.png,16
Img/img017-041.png,16
Img/img017-042.png,16
Img/img017-043.png,16
Img/img017-044.png,16
Img/img017-045.png,16
Img/img017-046.png,16
Img/img017-047.png,16
Img/img017-048.png,16
Img/img017-049.png,16
Img/img017-050.png,16
Img/img017-051.png,16
Img/img017-052.png,16
Img/img017-053.png,16
Img/img017-054.png,16
Img/img017-055.png,16
Img/img018-001.png,17
Img/img018-002.png,17
Img/img018-003.png,17
Img/img018-004.png,17
Img/img018-005.png,17
Img/img018-006.png,17
Img/img018-007.png,17
Img/img018-008.png,17
Img/img018-009.png,17
Img/img018-010.png,17
Img/img018-011.png,17
Img/img018-012.png,17
Img/img018-013.png,17
Img/img018-014.png,17
Img/img018-015.png,17
Img/img018-016.png,17
Img/img018-017.png,17
Img/img018-018.png,17
Img/img018-019.png,17
Img/img018-020.png,17
Img/img018-021.png,17
Img/img018-022.png,17
Img/img018-023.png,17
Img/img018-024.png,17
Img/img018-025.png,17
Img/img018-026.png,17
Img/img018-027.png,17
Img/img018-028.png,17
Img/img018-029.png,17
Img/img018-030.png,17
Img/img018-031.png,17
Img/img018-032.png,17
Img/img018-033.png,17
Img/img018-034.png,17
Img/img018-035.png,17
Img/img018-036.png,17
Img/img018-037.png,17
Img/img018-038.png,17
Img/img018-039.png,17
Img/img018-040.png,17
Img/img018-041.png,17
Img/img018-042.png,17
Img/img018-043.png,17
Img/img018-044.png,17
Img/img018-045.png,17
Img/img018-046.png,17
Img/img018-047.png,17
Img/img018-048.png,17
Img/img018-049.png,17
Img/img018-050.png,17
Img/img018-051.png,17
Img/img018-052.png,17
Img/img018-053.png,17
Img/img018-054.png,17
Img/img018-055.png,17
Img/img019-001.png,18
Img/img019-002.png,18
Img/img019-003.png,18
Img/img019-004.png,18
Img/img019-005.png,18
Img/img019-006.png,18
Img/img019-007.png,18
Img/img019-008.png,18
Img/img019-009.png,18
Img/img019-010.png,18
Img/img019-011.png,18
Img/img019-012.png,18
Img/img019-013.png,18
Img/img019-014.png,18
Img/img019-015.png,18
Img/img019-016.png,18
Img/img019-017.png,18
Img/img019-018.png,18
Img/img019-019.png,18
Img/img019-020.png,18
Img/img019-021.png,18
Img/img019-022.png,18
Img/img019-023.png,18
Img/img019-024.png,18
Img/img019-025.png,18
Img/img019-026.png,18
Img/img019-027.png,18
Img/img019-028.png,18
Img/img019-029.png,18
Img/img019-030.png,18
Img/img019-031.png,18
Img/img019-032.png,18
Img/img019-033.png,18
Img/img019-034.png,18
Img/img019-035.png,18
Img/img019-036.png,18
Img/img019-037.png,18
Img/img019-038.png,18
Img/img019-039.png,18
Img/img019-040.png,18
Img/img019-041.png,18
Img/img019-042.png,18
Img/img019-043.png,18
Img/img019-044.png,18
Img/img019-045.png,18
Img/img019-046.png,18
Img/img019-047.png,18
Img/img019-048.png,18
Img/img019-049.png,18
Img/img019-050.png,18
Img/img019-051.png,18
Img/img019-052.png,18
Img/img019-053.png,18
Img/img019-054.png,18
Img/img019-055.png,18
Img/img020-001.png,19
Img/img020-002.png,19
Img/img020-003.png,19
Img/img020-004.png,19
Img/img020-005.png,19
Img/img020-006.png,19
Img/img020-007.png,19
Img/img020-008.png,19
Img/img020-009.png,19
Img/img020-010.png,19
Img/img020-011.png,19
Img/img020-012.png,19
Img/img020-013.png,19
Img/img020-014.png,19
Img/img020-015.png,19
Img/img020-016.png,19
Img/img020-017.png,19
Img/img020-018.png,19
Img/img020-019.png,19
Img/img020-020.png,19
Img/img020-021.png,19
Img/img020-022.png,19
Img/img020-023.png,19
Img/img020-024.png,19
Img/img020-025.png,19
Img/img020-026.png,19
Img/img020-027.png,19
Img/img020-028.png,19
Img/img020-029.png,19
Img/img020-030.png,19
Img/img020-031.png,19
Img/img020-032.png,19
Img/img020-033.png,19
Img/img020-034.png,19
Img/img020-035.png,19
Img/img020-036.png,19
Img/img020-037.png,19
Img/img020-038.png,19
Img/img020-039.png,19
Img/img020-040.png,19
Img/img020-041.png,19
Img/img020-042.png,19
Img/img020-043.png,19
Img/img020-044.png,19
Img/img020-045.png,19
Img/img020-046.png,19
Img/img020-047.png,19
Img/img020-048.png,19
Img/img020-049.png,19
Img/img020-050.png,19
Img/img020-051.png,19
Img/img020-052.png,19
Img/img020-053.png,19
Img/img020-054.png,19
Img/img020-055.png,19
Img/img021-001.png,20
Img/img021-002.png,20
Img/img021-003.png,20
Img/img021-004.png,20
Img/img021-005.png,20
Img/img021-006.png,20
Img/img021-007.png,20
Img/img021-008.png,20
Img/img021-009.png,20
Img/img021-010.png,20
Img/img021-011.png,20
Img/img021-012.png,20
Img/img021-013.png,20
Img/img021-014.png,20
Img/img021-015.png,20
Img/img021-016.png,20
Img/img021-017.png,20
Img/img021-018.png,20
Img/img021-019.png,20
Img/img021-020.png,20
Img/img021-021.png,20
Img/img021-022.png,20
Img/img021-023.png,20
Img/img021-024.png,20
Img/img021-025.png,20
Img/img021-026.png,20
Img/img021-027.png,20
Img/img021-028.png,20
Img/img021-029.png,20
Img/img021-030.png,20
Img/img021-031.png,20
Img/img021-032.png,20
Img/img021-033.png,20
Img/img021-034.png,20
Img/img021-035.png,20
Img/img021-036.png,20
Img/img021-037.png,20
Img/img021-038.png,20
Img/img021-039.png,20
Img/img021-040.png,20
Img/img021-041.png,20
Img/img021-042.png,20
Img/img021-043.png,20
Img/img021-044.png,20
Img/img021-045.png,20
Img/img021-046.png,20
Img/img021-047.png,20
Img/img021-048.png,20
Img/img021-049.png,20
Img/img021-050.png,20
Img/img021-051.png,20
Img/img021-052.png,20
Img/img021-053.png,20
Img/img021-054.png,20
Img/img021-055.png,20
Img/img022-001.png,21
Img/img022-002.png,21
Img/img022-003.png,21
Img/img022-004.png,21
Img/img022-005.png,21
Img/img022-006.png,21
Img/img022-007.png,21
Img/img022-008.png,21
Img/img022-009.png,21
Img/img022-010.png,21
Img/img022-011.png,21
Img/img022-012.png,21
Img/img022-013.png,21
Img/img022-014.png,21
Img/img022-015.png,21
Img/img022-016.png,21
Img/img022-017.png,21
Img/img022-018.png,21
Img/img022-019.png,21
Img/img022-020.png,21
Img/img022-021.png,21
Img/img022-022.png,21
Img/img022-023.png,21
Img/img022-024.png,21
Img/img022-025.png,21
Img/img022-026.png,21
Img/img022-027.png,21
Img/img022-028.png,21
Img/img022-029.png,21
Img/img022-030.png,21
Img/img022-031.png,21
Img/img022-032.png,21
Img/img022-033.png,21
Img/img022-034.png,21
Img/img022-035.png,21
Img/img022-036.png,21
Img/img022-037.png,21
Img/img022-038.png,21
Img/img022-039.png,21
Img/img022-040.png,21
Img/img022-041.png,21
Img/img022-042.png,21
Img/img022-043.png,21
Img/img022-044.png,21
Img/img022-045.png,21
Img/img022-046.png,21
Img/img022-047.png,21
Img/img022-048.png,21
Img/img022-049.png,21
Img/img022-050.png,21
Img/img022-051.png,21
Img/img022-052.png,21
Img/img022-053.png,21
Img/img022-054.png,21
Img/img022-055.png,21
Img/img023-001.png,22
Img/img023-002.png,22
Img/img023-003.png,22
Img/img023-004.png,22
Img/img023-005.png,22
Img/img023-006.png,22
Img/img023-007.png,22
Img/img023-008.png,22
Img/img023-009.png,22
Img/img023-010.png,22
Img/img023-011.png,22
Img/img023-012.png,22
Img/img023-013.png,22
Img/img023-014.png,22
Img/img023-015.png,22
Img/img023-016.png,22
Img/img023-017.png,22
Img/img023-018.png,22
Img/img023-019.png,22
Img/img023-020.png,22
Img/img023-021.png,22
Img/img023-022.png,22
Img/img023-023.png,22
Img/img023-024.png,22
Img/img023-025.png,22
Img/img023-026.png,22
Img/img023-027.png,22
Img/img023-028.png,22
Img/img023-029.png,22
Img/img023-030.png,22
Img/img023-031.png,22
Img/img023-032.png,22
Img/img023-033.png,22
Img/img023-034.png,22
Img/img023-035.png,22
Img/img023-036.png,22
Img/img023-037.png,22
Img/img023-038.png,22
Img/img023-039.png,22
Img/img023-040.png,22
Img/img023-041.png,22
Img/img023-042.png,22
Img/img023-043.png,22
Img/img023-044.png,22
Img/img023-045.png,22
Img/img023-046.png,22
Img/img023-047.png,22
Img/img023-048.png,22
Img/img023-049.png,22
Img/img023-050.png,22
Img/img023-051.png,22
Img/img023-052.png,22
Img/img023-053.png,22
Img/img023-054.png,22
Img/img023-055.png,22
Img/img024-001.png,23
Img/img024-002.png,23
Img/img024-003.png,23
Img/img024-004.png,23
Img/img024-005.png,23
Img/img024-006.png,23
Img/img024-007.png,23
Img/img024-008.png,23
Img/img024-009.png,23
Img/img024-010.png,23
Img/img024-011.png,23
Img/img024-012.png,23
Img/img024-013.png,23
Img/img024-014.png,23
Img/img024-015.png,23
Img/img024-016.png,23
Img/img024-017.png,23
Img/img024-018.png,23
Img/img024-019.png,23
Img/img024-020.png,23
Img/img024-021.png,23
Img/img024-022.png,23
Img/img024-023.png,23
Img/img024-024.png,23
Img/img024-025.png,23
Img/img024-026.png,23
Img/img024-027.png,23
Img/img024-028.png,23
Img/img024-029.png,23
Img/img024-030.png,23
Img/img024-031.png,23
Img/img024-032.png,23
Img/img024-033.png,23
Img/img024-034.png,23
Img/img024-035.png,23
Img/img024-036.png,23
Img/img024-037.png,23
Img/img024-038.png,23
Img/img024-039.png,23
Img/img024-040.png,23
Img/img024-041.png,23
Img/img024-042.png,23
Img/img024-043.png,23
Img/img024-044.png,23
Img/img024-045.png,23
Img/img024-046.png,23
Img/img024-047.png,23
Img/img024-048.png,23
Img/img024-049.png,23
Img/img024-050.png,23
Img/img024-051.png,23
Img/img024-052.png,23
Img/img024-053.png,23
Img/img024-054.png,23
Img/img024-055.png,23
Img/img025-001.png,24
Img/img025-002.png,24
Img/img025-003.png,24
Img/img025-004.png,24
Img/img025-005.png,24
Img/img025-006.png,24
Img/img025-007.png,24
Img/img025-008.png,24
Img/img025-009.png,24
Img/img025-010.png,24
Img/img025-011.png,24
Img/img025-012.png,24
Img/img025-013.png,24
Img/img025-014.png,24
Img/img025-015.png,24
Img/img025-016.png,24
Img/img025-017.png,24
Img/img025-018.png,24
Img/img025-019.png,24
Img/img025-020.png,24
Img/img025-021.png,24
Img/img025-022.png,24
Img/img025-023.png,24
Img/img025-024.png,24
Img/img025-025.png,24
Img/img025-026.png,24
Img/img025-027.png,24
Img/img025-028.png,24
Img/img025-029.png,24
Img/img025-030.png,24
Img/img025-031.png,24
Img/img025-032.png,24
Img/img025-033.png,24
Img/img025-034.png,24
Img/img025-035.png,24
Img/img025-036.png,24
Img/img025-037.png,24
Img/img025-038.png,24
Img/img025-039.png,24
Img/img025-040.png,24
Img/img025-041.png,24
Img/img025-042.png,24
Img/img025-043.png,24
Img/img025-044.png,24
Img/img025-045.png,24
Img/img025-046.png,24
Img/img025-047.png,24
Img/img025-048.png,24
Img/img025-049.png,24
Img/img025-050.png,24
Img/img025-051.png,24
Img/img025-052.png,24
Img/img025-053.png,24
Img/img025-054.png,24
Img/img025-055.png,24
Img/img026-001.png,25
Img/img026-002.png,25
Img/img026-003.png,25
Img/img026-004.png,25
Img/img026-005.png,25
Img/img026-006.png,25
Img/img026-007.png,25
Img/img026-008.png,25
Img/img026-009.png,25
Img/img026-010.png,25
Img/img026-011.png,25
Img/img026-012.png,25
Img/img026-013.png,25
Img/img026-014.png,25
Img/img026-015.png,25
Img/img026-016.png,25
Img/img026-017.png,25
Img/img026-018.png,25
Img/img026-019.png,25
Img/img026-020.png,25
Img/img026-021.png,25
Img/img026-022.png,25
Img/img026-023.png,25
Img/img026-024.png,25
Img/img026-025.png,25
Img/img026-026.png,25
Img/img026-027.png,25
Img/img026-028.png,25
Img/img026-029.png,25
Img/img026-030.png,25
Img/img026-031.png,25
Img/img026-032.png,25
Img/img026-033.png,25
Img/img026-034.png,25
Img/img026-035.png,25
Img/img026-036.png,25
Img/img026-037.png,25
Img/img026-038.png,25
Img/img026-039.png,25
Img/img026-040.png,25
Img/img026-041.png,25
Img/img026-042.png,25
Img/img026-043.png,25
Img/img026-044.png,25
Img/img026-045.png,25
Img/img026-046.png,25
Img/img026-047.png,25
Img/img026-048.png,25
Img/img026-049.png,25
Img/img026-050.png,25
Img/img026-051.png,25
Img/img026-052.png,25
Img/img026-053.png,25
Img/img026-054.png,25
Img/img026-055.png,25
Img/img027-001.png,26
Img/img027-002.png,26
Img/img027-003.png,26
Img/img027-004.png,26
Img/img027-005.png,26
Img/img027-006.png,26
Img/img027-007.png,26
Img/img027-008.png,26
Img/img027-009.png,26
Img/img027-010.png,26
Img/img027-011.png,26
Img/img027-012.png,26
Img/img027-013.png,26
Img/img027-014.png,26
Img/img027-015.png,26
Img/img027-016.png,26
Img/img027-017.png,26
Img/img027-018.png,26
Img/img027-019.png,26
Img/img027-020.png,26
Img/img027-021.png,26
Img/img027-022.png,26
Img/img027-023.png,26
Img/img027-024.png,26
Img/img027-025.png,26
Img/img027-026.png,26
Img/img027-027.png,26
Img/img027-028.png,26
Img/img027-029.png,26
Img/img027-030.png,26
Img/img027-031.png,26
Img/img027-032.png,26
Img/img027-033.png,26
Img/img027-034.png,26
Img/img027-035.png,26
Img/img027-036.png,26
Img/img027-037.png,26
Img/img027-038.png,26
Img/img027-039.png,26
Img/img027-040.png,26
Img/img027-041.png,26
Img/img027-042.png,26
Img/img027-043.png,26
Img/img027-044.png,26
Img/img027-045.png,26
Img/img027-046.png,26
Img/img027-047.png,26
Img/img027-048.png,26
Img/img027-049.png,26
Img/img027-050.png,26
Img/img027-051.png,26
Img/img027-052.png,26
Img/img027-053.png,26
Img/img027-054.png,26
Img/img027-055.png,26
Img/img028-001.png,27
Img/img028-002.png,27
Img/img028-003.png,27
Img/img028-004.png,27
Img/img028-005.png,27
Img/img028-006.png,27
Img/img028-007.png,27
Img/img028-008.png,27
Img/img028-009.png,27
Img/img028-010.png,27
Img/img028-011.png,27
Img/img028-012.png,27
Img/img028-013.png,27
Img/img028-014.png,27
Img/img028-015.png,27
Img/img028-016.png,27
Img/img028-017.png,27
Img/img028-018.png,27
Img/img028-019.png,27
Img/img028-020.png,27
Img/img028-021.png,27
Img/img028-022.png,27
Img/img028-023.png,27
Img/img028-024.png,27
Img/img028-025.png,27
Img/img028-026.png,27
Img/img028-027.png,27
Img/img028-028.png,27
Img/img028-029.png,27
Img/img028-030.png,27
Img/img028-031.png,27
Img/img028-032.png,27
Img/img028-033.png,27
Img/img028-034.png,27
Img/img028-035.png,27
Img/img028-036.png,27
Img/img028-037.png,27
Img/img028-038.png,27
Img/img028-039.png,27
Img/img028-040.png,27
Img/img028-041.png,27
Img/img028-042.png,27
Img/img028-043.png,27
Img/img028-044.png,27
Img/img028-045.png,27
Img/img028-046.png,27
Img/img028-047.png,27
Img/img028-048.png,27
Img/img028-049.png,27
Img/img028-050.png,27
Img/img028-051.png,27
Img/img028-052.png,27
Img/img028-053.png,27
Img/img028-054.png,27
Img/img028-055.png,27
Img/img029-001.png,28
Img/img029-002.png,28
Img/img029-003.png,28
Img/img029-004.png,28
Img/img029-005.png,28
Img/img029-006.png,28
Img/img029-007.png,28
Img/img029-008.png,28
Img/img029-009.png,28
Img/img029-010.png,28
Img/img029-011.png,28
Img/img029-012.png,28
Img/img029-013.png,28
Img/img029-014.png,28
Img/img029-015.png,28
Img/img029-016.png,28
Img/img029-017.png,28
Img/img029-018.png,28
Img/img029-019.png,28
Img/img029-020.png,28
Img/img029-021.png,28
Img/img029-022.png,28
Img/img029-023.png,28
Img/img029-024.png,28
Img/img029-025.png,28
Img/img029-026.png,28
Img/img029-027.png,28
Img/img029-028.png,28
Img/img029-029.png,28
Img/img029-030.png,28
Img/img029-031.png,28
Img/img029-032.png,28
Img/img029-033.png,28
Img/img029-034.png,28
Img/img029-035.png,28
Img/img029-036.png,28
Img/img029-037.png,28
Img/img029-038.png,28
Img/img029-039.png,28
Img/img029-040.png,28
Img/img029-041.png,28
Img/img029-042.png,28
Img/img029-043.png,28
Img/img029-044.png,28
Img/img029-045.png,28
Img/img029-046.png,28
Img/img029-047.png,28
Img/img029-048.png,28
Img/img029-049.png,28
Img/img029-050.png,28
Img/img029-051.png,28
Img/img029-052.png,28
Img/img029-053.png,28
Img/img029-054.png,28
Img/img029-055.png,28
Img/img030-001.png,29
Img/img030-002.png,29
Img/img030-003.png,29
Img/img030-004.png,29
Img/img030-005.png,29
Img/img030-006.png,29
Img/img030-007.png,29
Img/img030-008.png,29
Img/img030-009.png,29
Img/img030-010.png,29
Img/img030-011.png,29
Img/img030-012.png,29
Img/img030-013.png,29
Img/img030-014.png,29
Img/img030-015.png,29
Img/img030-016.png,29
Img/img030-017.png,29
Img/img030-018.png,29
Img/img030-019.png,29
Img/img030-020.png,29
Img/img030-021.png,29
Img/img030-022.png,29
Img/img030-023.png,29
Img/img030-024.png,29
Img/img030-025.png,29
Img/img030-026.png,29
Img/img030-027.png,29
Img/img030-028.png,29
Img/img030-029.png,29
Img/img030-030.png,29
Img/img030-031.png,29
Img/img030-032.png,29
Img/img030-033.png,29
Img/img030-034.png,29
Img/img030-035.png,29
Img/img030-036.png,29
Img/img030-037.png,29
Img/img030-038.png,29
Img/img030-039.png,29
Img/img030-040.png,29
Img/img030-041.png,29
Img/img030-042.png,29
Img/img030-043.png,29
Img/img030-044.png,29
Img/img030-045.png,29
Img/img030-046.png,29
Img/img030-047.png,29
Img/img030-048.png,29
Img/img030-049.png,29
Img/img030-050.png,29
Img/img030-051.png,29
Img/img030-052.png,29
Img/img030-053.png,29
Img/img030-054.png,29
Img/img030-055.png,29
Img/img031-001.png,30
Img/img031-002.png,30
Img/img031-003.png,30
Img/img031-004.png,30
Img/img031-005.png,30
Img/img031-006.png,30
Img/img031-007.png,30
Img/img031-008.png,30
Img/img031-009.png,30
Img/img031-010.png,30
Img/img031-011.png,30
Img/img031-012.png,30
Img/img031-013.png,30
Img/img031-014.png,30
Img/img031-015.png,30
Img/img031-016.png,30
Img/img031-017.png,30
Img/img031-018.png,30
Img/img031-019.png,30
Img/img031-020.png,30
Img/img031-021.png,30
Img/img031-022.png,30
Img/img031-023.png,30
Img/img031-024.png,30
Img/img031-025.png,30
Img/img031-026.png,30
Img/img031-027.png,30
Img/img031-028.png,30
Img/img031-029.png,30
Img/img031-030.png,30
Img/img031-031.png,30
Img/img031-032.png,30
Img/img031-033.png,30
Img/img031-034.png,30
Img/img031-035.png,30
Img/img031-036.png,30
Img/img031-037.png,30
Img/img031-038.png,30
Img/img031-039.png,30
Img/img031-040.png,30
Img/img031-041.png,30
Img/img031-042.png,30
Img/img031-043.png,30
Img/img031-044.png,30
Img/img031-045.png,30
Img/img031-046.png,30
Img/img031-047.png,30
Img/img031-048.png,30
Img/img031-049.png,30
Img/img031-050.png,30
Img/img031-051.png,30
Img/img031-052.png,30
Img/img031-053.png,30
Img/img031-054.png,30
Img/img031-055.png,30
Img/img032-001.png,31
Img/img032-002.png,31
Img/img032-003.png,31
Img/img032-004.png,31
Img/img032-005.png,31
Img/img032-006.png,31
Img/img032-007.png,31
Img/img032-008.png,31
Img/img032-009.png,31
Img/img032-010.png,31
Img/img032-011.png,31
Img/img032-012.png,31
Img/img032-013.png,31
Img/img032-014.png,31
Img/img032-015.png,31
Img/img032-016.png,31
Img/img032-017.png,31
Img/img032-018.png,31
Img/img032-019.png,31
Img/img032-020.png,31
Img/img032-021.png,31
Img/img032-022.png,31
Img/img032-023.png,31
Img/img032-024.png,31
Img/img032-025.png,31
Img/img032-026.png,31
Img/img032-027.png,31
Img/img032-028.png,31
Img/img032-029.png,31
Img/img032-030.png,31
Img/img032-031.png,31
Img/img032-032.png,31
Img/img032-033.png,31
Img/img032-034.png,31
Img/img032-035.png,31
Img/img032-036.png,31
Img/img032-037.png,31
Img/img032-038.png,31
Img/img032-039.png,31
Img/img032-040.png,31
Img/img032-041.png,31
Img/img032-042.png,31
Img/img032-043.png,31
Img/img032-044.png,31
Img/img032-045.png,31
Img/img032-046.png,31
Img/img032-047.png,31
Img/img032-048.png,31
Img/img032-049.png,31
Img/img032-050.png,31
Img/img032-051.png,31
Img/img032-052.png,31
Img/img032-053.png,31
Img/img032-054.png,31
Img/img032-055.png,31
Img/img033-001.png,32
Img/img033-002.png,32
Img/img033-003.png,32
Img/img033-004.png,32
Img/img033-005.png,32
Img/img033-006.png,32
Img/img033-007.png,32
Img/img033-008.png,32
Img/img033-009.png,32
Img/img033-010.png,32
Img/img033-011.png,32
Img/img033-012.png,32
Img/img033-013.png,32
Img/img033-014.png,32
Img/img033-015.png,32
Img/img033-016.png,32
Img/img033-017.png,32
Img/img033-018.png,32
Img/img033-019.png,32
Img/img033-020.png,32
Img/img033-021.png,32
Img/img033-022.png,32
Img/img033-023.png,32
Img/img033-024.png,32
Img/img033-025.png,32
Img/img033-026.png,32
Img/img033-027.png,32
Img/img033-028.png,32
Img/img033-029.png,32
Img/img033-030.png,32
Img/img033-031.png,32
Img/img033-032.png,32
Img/img033-033.png,32
Img/img033-034.png,32
Img/img033-035.png,32
Img/img033-036.png,32
Img/img033-037.png,32
Img/img033-038.png,32
Img/img033-039.png,32
Img/img033-040.png,32
Img/img033-041.png,32
Img/img033-042.png,32
Img/img033-043.png,32
Img/img033-044.png,32
Img/img033-045.png,32
Img/img033-046.png,32
Img/img033-047.png,32
Img/img033-048.png,32
Img/img033-049.png,32
Img/img033-050.png,32
Img/img033-051.png,32
Img/img033-052.png,32
Img/img033-053.png,32
Img/img033-054.png,32
Img/img033-055.png,32
Img/img034-001.png,33
Img/img034-002.png,33
Img/img034-003.png,33
Img/img034-004.png,33
Img/img034-005.png,33
Img/img034-006.png,33
Img/img034-007.png,33
Img/img034-008.png,33
Img/img034-009.png,33
Img/img034-010.png,33
Img/img034-011.png,33
Img/img034-012.png,33
Img/img034-013.png,33
Img/img034-014.png,33
Img/img034-015.png,33
Img/img034-016.png,33
Img/img034-017.png,33
Img/img034-018.png,33
Img/img034-019.png,33
Img/img034-020.png,33
Img/img034-021.png,33
Img/img034-022.png,33
Img/img034-023.png,33
Img/img034-024.png,33
Img/img034-025.png,33
Img/img034-026.png,33
Img/img034-027.png,33
Img/img034-028.png,33
Img/img034-029.png,33
Img/img034-030.png,33
Img/img034-031.png,33
Img/img034-032.png,33
Img/img034-033.png,33
Img/img034-034.png,33
Img/img034-035.png,33
Img/img034-036.png,33
Img/img034-037.png,33
Img/img034-038.png,33
Img/img034-039.png,33
Img/img034-040.png,33
Img/img034-041.png,33
Img/img034-042.png,33
Img/img034-043.png,33
Img/img034-044.png,33
Img/img034-045.png,33
Img/img034-046.png,33
Img/img034-047.png,33
Img/img034-048.png,33
Img/img034-049.png,33
Img/img034-050.png,33
Img/img034-051.png,33
Img/img034-052.png,33
Img/img034-053.png,33
Img/img034-054.png,33
Img/img034-055.png,33
Img/img035-001.png,34
Img/img035-002.png,34
Img/img035-003.png,34
Img/img035-004.png,34
Img/img035-005.png,34
Img/img035-006.png,34
Img/img035-007.png,34
Img/img035-008.png,34
Img/img035-009.png,34
Img/img035-010.png,34
Img/img035-011.png,34
Img/img035-012.png,34
Img/img035-013.png,34
Img/img035-014.png,34
Img/img035-015.png,34
Img/img035-016.png,34
Img/img035-017.png,34
Img/img035-018.png,34
Img/img035-019.png,34
Img/img035-020.png,34
Img/img035-021.png,34
Img/img035-022.png,34
Img/img035-023.png,34
Img/img035-024.png,34
Img/img035-025.png,34
Img/img035-026.png,34
Img/img035-027.png,34
Img/img035-028.png,34
Img/img035-029.png,34
Img/img035-030.png,34
Img/img035-031.png,34
Img/img035-032.png,34
Img/img035-033.png,34
Img/img035-034.png,34
Img/img035-035.png,34
Img/img035-036.png,34
Img/img035-037.png,34
Img/img035-038.png,34
Img/img035-039.png,34
Img/img035-040.png,34
Img/img035-041.png,34
Img/img035-042.png,34
Img/img035-043.png,34
Img/img035-044.png,34
Img/img035-045.png,34
Img/img035-046.png,34
Img/img035-047.png,34
Img/img035-048.png,34
Img/img035-049.png,34
Img/img035-050.png,34
Img/img035-051.png,34
Img/img035-052.png,34
Img/img035-053.png,34
Img/img035-054.png,34
Img/img035-055.png,34
Img/img036-001.png,35
Img/img036-002.png,35
Img/img036-003.png,35
Img/img036-004.png,35
Img/img036-005.png,35
Img/img036-006.png,35
Img/img036-007.png,35
Img/img036-008.png,35
Img/img036-009.png,35
Img/img036-010.png,35
Img/img036-011.png,35
Img/img036-012.png,35
Img/img036-013.png,35
Img/img036-014.png,35
Img/img036-015.png,35
Img/img036-016.png,35
Img/img036-017.png,35
Img/img036-018.png,35
Img/img036-019.png,35
Img/img036-020.png,35
Img/img036-021.png,35
Img/img036-022.png,35
Img/img036-023.png,35
Img/img036-024.png,35
Img/img036-025.png,35
Img/img036-026.png,35
Img/img036-027.png,35
Img/img036-028.png,35
Img/img036-029.png,35
Img/img036-030.png,35
Img/img036-031.png,35
Img/img036-032.png,35
Img/img036-033.png,35
Img/img036-034.png,35
Img/img036-035.png,35
Img/img036-036.png,35
Img/img036-037.png,35
Img/img036-038.png,35
Img/img036-039.png,35
Img/img036-040.png,35
Img/img036-041.png,35
Img/img036-042.png,35
Img/img036-043.png,35
Img/img036-044.png,35
Img/img036-045.png,35
Img/img036-046.png,35
Img/img036-047.png,35
Img/img036-048.png,35
Img/img036-049.png,35
Img/img036-050.png,35
Img/img036-051.png,35
Img/img036-052.png,35
Img/img036-053.png,35
Img/img036-054.png,35
Img/img036-055.png,35
Img/img037-001.png,36
Img/img037-002.png,36
Img/img037-003.png,36
Img/img037-004.png,36
Img/img037-005.png,36
Img/img037-006.png,36
Img/img037-007.png,36
Img/img037-008.png,36
Img/img037-009.png,36
Img/img037-010.png,36
Img/img037-011.png,36
Img/img037-012.png,36
Img/img037-013.png,36
Img/img037-014.png,36
Img/img037-015.png,36
Img/img037-016.png,36
Img/img037-017.png,36
Img/img037-018.png,36
Img/img037-019.png,36
Img/img037-020.png,36
Img/img037-021.png,36
Img/img037-022.png,36
Img/img037-023.png,36
Img/img037-024.png,36
Img/img037-025.png,36
Img/img037-026.png,36
Img/img037-027.png,36
Img/img037-028.png,36
Img/img037-029.png,36
Img/img037-030.png,36
Img/img037-031.png,36
Img/img037-032.png,36
Img/img037-033.png,36
Img/img037-034.png,36
Img/img037-035.png,36
Img/img037-036.png,36
Img/img037-037.png,36
Img/img037-038.png,36
Img/img037-039.png,36
Img/img037-040.png,36
Img/img037-041.png,36
Img/img037-042.png,36
Img/img037-043.png,36
Img/img037-044.png,36
Img/img037-045.png,36
Img/img037-046.png,36
Img/img037-047.png,36
Img/img037-048.png,36
Img/img037-049.png,36
Img/img037-050.png,36
Img/img037-051.png,36
Img/img037-052.png,36
Img/img037-053.png,36
Img/img037-054.png,36
Img/img037-055.png,36
Img/img038-001.png,37
Img/img038-002.png,37
Img/img038-003.png,37
Img/img038-004.png,37
Img/img038-005.png,37
Img/img038-006.png,37
Img/img038-007.png,37
Img/img038-008.png,37
Img/img038-009.png,37
Img/img038-010.png,37
Img/img038-011.png,37
Img/img038-012.png,37
Img/img038-013.png,37
Img/img038-014.png,37
Img/img038-015.png,37
Img/img038-016.png,37
Img/img038-017.png,37
Img/img038-018.png,37
Img/img038-019.png,37
Img/img038-020.png,37
Img/img038-021.png,37
Img/img038-022.png,37
Img/img038-023.png,37
Img/img038-024.png,37
Img/img038-025.png,37
Img/img038-026.png,37
Img/img038-027.png,37
Img/img038-028.png,37
Img/img038-029.png,37
Img/img038-030.png,37
Img/img038-031.png,37
Img/img038-032.png,37
Img/img038-033.png,37
Img/img038-034.png,37
Img/img038-035.png,37
Img/img038-036.png,37
Img/img038-037.png,37
Img/img038-038.png,37
Img/img038-039.png,37
Img/img038-040.png,37
Img/img038-041.png,37
Img/img038-042.png,37
Img/img038-043.png,37
Img/img038-044.png,37
Img/img038-045.png,37
Img/img038-046.png,37
Img/img038-047.png,37
Img/img038-048.png,37
Img/img038-049.png,37
Img/img038-050.png,37
Img/img038-051.png,37
Img/img038-052.png,37
Img/img038-053.png,37
Img/img038-054.png,37
Img/img038-055.png,37
Img/img039-001.png,38
Img/img039-002.png,38
Img/img039-003.png,38
Img/img039-004.png,38
Img/img039-005.png,38
Img/img039-006.png,38
Img/img039-007.png,38
Img/img039-008.png,38
Img/img039-009.png,38
Img/img039-010.png,38
Img/img039-011.png,38
Img/img039-012.png,38
Img/img039-013.png,38
Img/img039-014.png,38
Img/img039-015.png,38
Img/img039-016.png,38
Img/img039-017.png,38
Img/img039-018.png,38
Img/img039-019.png,38
Img/img039-020.png,38
Img/img039-021.png,38
Img/img039-022.png,38
Img/img039-023.png,38
Img/img039-024.png,38
Img/img039-025.png,38
Img/img039-026.png,38
Img/img039-027.png,38
Img/img039-028.png,38
Img/img039-029.png,38
Img/img039-030.png,38
Img/img039-031.png,38
Img/img039-032.png,38
Img/img039-033.png,38
Img/img039-034.png,38
Img/img039-035.png,38
Img/img039-036.png,38
Img/img039-037.png,38
Img/img039-038.png,38
Img/img039-039.png,38
Img/img039-040.png,38
Img/img039-041.png,38
Img/img039-042.png,38
Img/img039-043.png,38
Img/img039-044.png,38
Img/img039-045.png,38
Img/img039-046.png,38
Img/img039-047.png,38
Img/img039-048.png,38
Img/img039-049.png,38
Img/img039-050.png,38
Img/img039-051.png,38
Img/img039-052.png,38
Img/img039-053.png,38
Img/img039-054.png,38
Img/img039-055.png,38
Img/img040-001.png,39
Img/img040-002.png,39
Img/img040-003.png,39
Img/img040-004.png,39
Img/img040-005.png,39
Img/img040-006.png,39
Img/img040-007.png,39
Img/img040-008.png,39
Img/img040-009.png,39
Img/img040-010.png,39
Img/img040-011.png,39
Img/img040-012.png,39
Img/img040-013.png,39
Img/img040-014.png,39
Img/img040-015.png,39
Img/img040-016.png,39
Img/img040-017.png,39
Img/img040-018.png,39
Img/img040-019.png,39
Img/img040-020.png,39
Img/img040-021.png,39
Img/img040-022.png,39
Img/img040-023.png,39
Img/img040-024.png,39
Img/img040-025.png,39
Img/img040-026.png,39
Img/img040-027.png,39
Img/img040-028.png,39
Img/img040-029.png,39
Img/img040-030.png,39
Img/img040-031.png,39
Img/img040-032.png,39
Img/img040-033.png,39
Img/img040-034.png,39
Img/img040-035.png,39
Img/img040-036.png,39
Img/img040-037.png,39
Img/img040-038.png,39
Img/img040-039.png,39
Img/img040-040.png,39
Img/img040-041.png,39
Img/img040-042.png,39
Img/img040-043.png,39
Img/img040-044.png,39
Img/img040-045.png,39
Img/img040-046.png,39
Img/img040-047.png,39
Img/img040-048.png,39
Img/img040-049.png,39
Img/img040-050.png,39
Img/img040-051.png,39
Img/img040-052.png,39
Img/img040-053.png,39
Img/img040-054.png,39
Img/img040-055.png,39
Img/img041-001.png,40
Img/img041-002.png,40
Img/img041-003.png,40
Img/img041-004.png,40
Img/img041-005.png,40
Img/img041-006.png,40
Img/img041-007.png,40
Img/img041-008.png,40
Img/img041-009.png,40
Img/img041-010.png,40
Img/img041-011.png,40
Img/img041-012.png,40
Img/img041-013.png,40
Img/img041-014.png,40
Img/img041-015.png,40
Img/img041-016.png,40
Img/img041-017.png,40
Img/img041-018.png,40
Img/img041-019.png,40
Img/img041-020.png,40
Img/img041-021.png,40
Img/img041-022.png,40
Img/img041-023.png,40
Img/img041-024.png,40
Img/img041-025.png,40
Img/img041-026.png,40
Img/img041-027.png,40
Img/img041-028.png,40
Img/img041-029.png,40
Img/img041-030.png,40
Img/img041-031.png,40
Img/img041-032.png,40
Img/img041-033.png,40
Img/img041-034.png,40
Img/img041-035.png,40
Img/img041-036.png,40
Img/img041-037.png,40
Img/img041-038.png,40
Img/img041-039.png,40
Img/img041-040.png,40
Img/img041-041.png,40
Img/img041-042.png,40
Img/img041-043.png,40
Img/img041-044.png,40
Img/img041-045.png,40
Img/img041-046.png,40
Img/img041-047.png,40
Img/img041-048.png,40
Img/img041-049.png,40
Img/img041-050.png,40
Img/img041-051.png,40
Img/img041-052.png,40
Img/img041-053.png,40
Img/img041-054.png,40
Img/img041-055.png,40
Img/img042-001.png,41
Img/img042-002.png,41
Img/img042-003.png,41
Img/img042-004.png,41
Img/img042-005.png,41
Img/img042-006.png,41
Img/img042-007.png,41
Img/img042-008.png,41
Img/img042-009.png,41
Img/img042-010.png,41
Img/img042-011.png,41
Img/img042-012.png,41
Img/img042-013.png,41
Img/img042-014.png,41
Img/img042-015.png,41
Img/img042-016.png,41
Img/img042-017.png,41
Img/img042-018.png,41
Img/img042-019.png,41
Img/img042-020.png,41
Img/img042-021.png,41
Img/img042-022.png,41
Img/img042-023.png,41
Img/img042-024.png,41
Img/img042-025.png,41
Img/img042-026.png,41
Img/img042-027.png,41
Img/img042-028.png,41
Img/img042-029.png,41
Img/img042-030.png,41
Img/img042-031.png,41
Img/img042-032.png,41
Img/img042-033.png,41
Img/img042-034.png,41
Img/img042-035.png,41
Img/img042-036.png,41
Img/img042-037.png,41
Img/img042-038.png,41
Img/img042-039.png,41
Img/img042-040.png,41
Img/img042-041.png,41
Img/img042-042.png,41
Img/img042-043.png,41
Img/img042-044.png,41
Img/img042-045.png,41
Img/img042-046.png,41
Img/img042-047.png,41
Img/img042-048.png,41
Img/img042-049.png,41
Img/img042-050.png,41
Img/img042-051.png,41
Img/img042-052.png,41
Img/img042-053.png,41
Img/img042-054.png,41
Img/img042-055.png,41
Img/img043-001.png,42
Img/img043-002.png,42
Img/img043-003.png,42
Img/img043-004.png,42
Img/img043-005.png,42
Img/img043-006.png,42
Img/img043-007.png,42
Img/img043-008.png,42
Img/img043-009.png,42
Img/img043-010.png,42
Img/img043-011.png,42
Img/img043-012.png,42
Img/img043-013.png,42
Img/img043-014.png,42
Img/img043-015.png,42
Img/img043-016.png,42
Img/img043-017.png,42
Img/img043-018.png,42
Img/img043-019.png,42
Img/img043-020.png,42
Img/img043-021.png,42
Img/img043-022.png,42
Img/img043-023.png,42
Img/img043-024.png,42
Img/img043-025.png,42
Img/img043-026.png,42
Img/img043-027.png,42
Img/img043-028.png,42
Img/img043-029.png,42
Img/img043-030.png,42
Img/img043-031.png,42
Img/img043-032.png,42
Img/img043-033.png,42
Img/img043-034.png,42
Img/img043-035.png,42
Img/img043-036.png,42
Img/img043-037.png,42
Img/img043-038.png,42
Img/img043-039.png,42
Img/img043-040.png,42
Img/img043-041.png,42
Img/img043-042.png,42
Img/img043-043.png,42
Img/img043-044.png,42
Img/img043-045.png,42
Img/img043-046.png,42
Img/img043-047.png,42
Img/img043-048.png,42
Img/img043-049.png,42
Img/img043-050.png,42
Img/img043-051.png,42
Img/img043-052.png,42
Img/img043-053.png,42
Img/img043-054.png,42
Img/img043-055.png,42
Img/img044-001.png,43
Img/img044-002.png,43
Img/img044-003.png,43
Img/img044-004.png,43
Img/img044-005.png,43
Img/img044-006.png,43
Img/img044-007.png,43
Img/img044-008.png,43
Img/img044-009.png,43
Img/img044-010.png,43
Img/img044-011.png,43
Img/img044-012.png,43
Img/img044-013.png,43
Img/img044-014.png,43
Img/img044-015.png,43
Img/img044-016.png,43
Img/img044-017.png,43
Img/img044-018.png,43
Img/img044-019.png,43
Img/img044-020.png,43
Img/img044-021.png,43
Img/img044-022.png,43
Img/img044-023.png,43
Img/img044-024.png,43
Img/img044-025.png,43
Img/img044-026.png,43
Img/img044-027.png,43
Img/img044-028.png,43
Img/img044-029.png,43
Img/img044-030.png,43
Img/img044-031.png,43
Img/img044-032.png,43
Img/img044-033.png,43
Img/img044-034.png,43
Img/img044-035.png,43
Img/img044-036.png,43
Img/img044-037.png,43
Img/img044-038.png,43
Img/img044-039.png,43
Img/img044-040.png,43
Img/img044-041.png,43
Img/img044-042.png,43
Img/img044-043.png,43
Img/img044-044.png,43
Img/img044-045.png,43
Img/img044-046.png,43
Img/img044-047.png,43
Img/img044-048.png,43
Img/img044-049.png,43
Img/img044-050.png,43
Img/img044-051.png,43
Img/img044-052.png,43
Img/img044-053.png,43
Img/img044-054.png,43
Img/img044-055.png,43
Img/img045-001.png,44
Img/img045-002.png,44
Img/img045-003.png,44
Img/img045-004.png,44
Img/img045-005.png,44
Img/img045-006.png,44
Img/img045-007.png,44
Img/img045-008.png,44
Img/img045-009.png,44
Img/img045-010.png,44
Img/img045-011.png,44
Img/img045-012.png,44
Img/img045-013.png,44
Img/img045-014.png,44
Img/img045-015.png,44
Img/img045-016.png,44
Img/img045-017.png,44
Img/img045-018.png,44
Img/img045-019.png,44
Img/img045-020.png,44
Img/img045-021.png,44
Img/img045-022.png,44
Img/img045-023.png,44
Img/img045-024.png,44
Img/img045-025.png,44
Img/img045-026.png,44
Img/img045-027.png,44
Img/img045-028.png,44
Img/img045-029.png,44
Img/img045-030.png,44
Img/img045-031.png,44
Img/img045-032.png,44
Img/img045-033.png,44
Img/img045-034.png,44
Img/img045-035.png,44
Img/img045-036.png,44
Img/img045-037.png,44
Img/img045-038.png,44
Img/img045-039.png,44
Img/img045-040.png,44
Img/img045-041.png,44
Img/img045-042.png,44
Img/img045-043.png,44
Img/img045-044.png,44
Img/img045-045.png,44
Img/img045-046.png,44
Img/img045-047.png,44
Img/img045-048.png,44
Img/img045-049.png,44
Img/img045-050.png,44
Img/img045-051.png,44
Img/img045-052.png,44
Img/img045-053.png,44
Img/img045-054.png,44
Img/img045-055.png,44
Img/img046-001.png,45
Img/img046-002.png,45
Img/img046-003.png,45
Img/img046-004.png,45
Img/img046-005.png,45
Img/img046-006.png,45
Img/img046-007.png,45
Img/img046-008.png,45
Img/img046-009.png,45
Img/img046-010.png,45
Img/img046-011.png,45
Img/img046-012.png,45
Img/img046-013.png,45
Img/img046-014.png,45
Img/img046-015.png,45
Img/img046-016.png,45
Img/img046-017.png,45
Img/img046-018.png,45
Img/img046-019.png,45
Img/img046-020.png,45
Img/img046-021.png,45
Img/img046-022.png,45
Img/img046-023.png,45
Img/img046-024.png,45
Img/img046-025.png,45
Img/img046-026.png,45
Img/img046-027.png,45
Img/img046-028.png,45
Img/img046-029.png,45
Img/img046-030.png,45
Img/img046-031.png,45
Img/img046-032.png,45
Img/img046-033.png,45
Img/img046-034.png,45
Img/img046-035.png,45
Img/img046-036.png,45
Img/img046-037.png,45
Img/img046-038.png,45
Img/img046-039.png,45
Img/img046-040.png,45
Img/img046-041.png,45
Img/img046-042.png,45
Img/img046-043.png,45
Img/img046-044.png,45
Img/img046-045.png,45
Img/img046-046.png,45
Img/img046-047.png,45
Img/img046-048.png,45
Img/img046-049.png,45
Img/img046-050.png,45
Img/img046-051.png,45
Img/img046-052.png,45
Img/img046-053.png,45
Img/img046-054.png,45
Img/img046-055.png,45
Img/img047-001.png,46
Img/img047-002.png,46
Img/img047-003.png,46
Img/img047-004.png,46
Img/img047-005.png,46
Img/img047-006.png,46
Img/img047-007.png,46
Img/img047-008.png,46
Img/img047-009.png,46
Img/img047-010.png,46
Img/img047-011.png,46
Img/img047-012.png,46
Img/img047-013.png,46
Img/img047-014.png,46
Img/img047-015.png,46
Img/img047-016.png,46
Img/img047-017.png,46
Img/img047-018.png,46
Img/img047-019.png,46
Img/img047-020.png,46
Img/img047-021.png,46
Img/img047-022.png,46
Img/img047-023.png,46
Img/img047-024.png,46
Img/img047-025.png,46
Img/img047-026.png,46
Img/img047-027.png,46
Img/img047-028.png,46
Img/img047-029.png,46
Img/img047-030.png,46
Img/img047-031.png,46
Img/img047-032.png,46
Img/img047-033.png,46
Img/img047-034.png,46
Img/img047-035.png,46
Img/img047-036.png,46
Img/img047-037.png,46
Img/img047-038.png,46
Img/img047-039.png,46
Img/img047-040.png,46
Img/img047-041.png,46
Img/img047-042.png,46
Img/img047-043.png,46
Img/img047-044.png,46
Img/img047-045.png,46
Img/img047-046.png,46
Img/img047-047.png,46
Img/img047-048.png,46
Img/img047-049.png,46
Img/img047-050.png,46
Img/img047-051.png,46
Img/img047-052.png,46
Img/img047-053.png,46
Img/img047-054.png,46
Img/img047-055.png,46
Img/img048-001.png,47
Img/img048-002.png,47
Img/img048-003.png,47
Img/img048-004.png,47
Img/img048-005.png,47
Img/img048-006.png,47
Img/img048-007.png,47
Img/img048-008.png,47
Img/img048-009.png,47
Img/img048-010.png,47
Img/img048-011.png,47
Img/img048-012.png,47
Img/img048-013.png,47
Img/img048-014.png,47
Img/img048-015.png,47
Img/img048-016.png,47
Img/img048-017.png,47
Img/img048-018.png,47
Img/img048-019.png,47
Img/img048-020.png,47
Img/img048-021.png,47
Img/img048-022.png,47
Img/img048-023.png,47
Img/img048-024.png,47
Img/img048-025.png,47
Img/img048-026.png,47
Img/img048-027.png,47
Img/img048-028.png,47
Img/img048-029.png,47
Img/img048-030.png,47
Img/img048-031.png,47
Img/img048-032.png,47
Img/img048-033.png,47
Img/img048-034.png,47
Img/img048-035.png,47
Img/img048-036.png,47
Img/img048-037.png,47
Img/img048-038.png,47
Img/img048-039.png,47
Img/img048-040.png,47
Img/img048-041.png,47
Img/img048-042.png,47
Img/img048-043.png,47
Img/img048-044.png,47
Img/img048-045.png,47
Img/img048-046.png,47
Img/img048-047.png,47
Img/img048-048.png,47
Img/img048-049.png,47
Img/img048-050.png,47
Img/img048-051.png,47
Img/img048-052.png,47
Img/img048-053.png,47
Img/img048-054.png,47
Img/img048-055.png,47
Img/img049-001.png,48
Img/img049-002.png,48
Img/img049-003.png,48
Img/img049-004.png,48
Img/img049-005.png,48
Img/img049-006.png,48
Img/img049-007.png,48
Img/img049-008.png,48
Img/img049-009.png,48
Img/img049-010.png,48
Img/img049-011.png,48
Img/img049-012.png,48
Img/img049-013.png,48
Img/img049-014.png,48
Img/img049-015.png,48
Img/img049-016.png,48
Img/img049-017.png,48
Img/img049-018.png,48
Img/img049-019.png,48
Img/img049-020.png,48
Img/img049-021.png,48
Img/img049-022.png,48
Img/img049-023.png,48
Img/img049-024.png,48
Img/img049-025.png,48
Img/img049-026.png,48
Img/img049-027.png,48
Img/img049-028.png,48
Img/img049-029.png,48
Img/img049-030.png,48
Img/img049-031.png,48
Img/img049-032.png,48
Img/img049-033.png,48
Img/img049-034.png,48
Img/img049-035.png,48
Img/img049-036.png,48
Img/img049-037.png,48
Img/img049-038.png,48
Img/img049-039.png,48
Img/img049-040.png,48
Img/img049-041.png,48
Img/img049-042.png,48
Img/img049-043.png,48
Img/img049-044.png,48
Img/img049-045.png,48
Img/img049-046.png,48
Img/img049-047.png,48
Img/img049-048.png,48
Img/img049-049.png,48
Img/img049-050.png,48
Img/img049-051.png,48
Img/img049-052.png,48
Img/img049-053.png,48
Img/img049-054.png,48
Img/img049-055.png,48
Img/img050-001.png,49
Img/img050-002.png,49
Img/img050-003.png,49
Img/img050-004.png,49
Img/img050-005.png,49
Img/img050-006.png,49
Img/img050-007.png,49
Img/img050-008.png,49
Img/img050-009.png,49
Img/img050-010.png,49
Img/img050-011.png,49
Img/img050-012.png,49
Img/img050-013.png,49
Img/img050-014.png,49
Img/img050-015.png,49
Img/img050-016.png,49
Img/img050-017.png,49
Img/img050-018.png,49
Img/img050-019.png,49
Img/img050-020.png,49
Img/img050-021.png,49
Img/img050-022.png,49
Img/img050-023.png,49
Img/img050-024.png,49
Img/img050-025.png,49
Img/img050-026.png,49
Img/img050-027.png,49
Img/img050-028.png,49
Img/img050-029.png,49
Img/img050-030.png,49
Img/img050-031.png,49
Img/img050-032.png,49
Img/img050-033.png,49
Img/img050-034.png,49
Img/img050-035.png,49
Img/img050-036.png,49
Img/img050-037.png,49
Img/img050-038.png,49
Img/img050-039.png,49
Img/img050-040.png,49
Img/img050-041.png,49
Img/img050-042.png,49
Img/img050-043.png,49
Img/img050-044.png,49
Img/img050-045.png,49
Img/img050-046.png,49
Img/img050-047.png,49
Img/img050-048.png,49
Img/img050-049.png,49
Img/img050-050.png,49
Img/img050-051.png,49
Img/img050-052.png,49
Img/img050-053.png,49
Img/img050-054.png,49
Img/img050-055.png,49
Img/img051-001.png,50
Img/img051-002.png,50
Img/img051-003.png,50
Img/img051-004.png,50
Img/img051-005.png,50
Img/img051-006.png,50
Img/img051-007.png,50
Img/img051-008.png,50
Img/img051-009.png,50
Img/img051-010.png,50
Img/img051-011.png,50
Img/img051-012.png,50
Img/img051-013.png,50
Img/img051-014.png,50
Img/img051-015.png,50
Img/img051-016.png,50
Img/img051-017.png,50
Img/img051-018.png,50
Img/img051-019.png,50
Img/img051-020.png,50
Img/img051-021.png,50
Img/img051-022.png,50
Img/img051-023.png,50
Img/img051-024.png,50
Img/img051-025.png,50
Img/img051-026.png,50
Img/img051-027.png,50
Img/img051-028.png,50
Img/img051-029.png,50
Img/img051-030.png,50
Img/img051-031.png,50
Img/img051-032.png,50
Img/img051-033.png,50
Img/img051-034.png,50
Img/img051-035.png,50
Img/img051-036.png,50
Img/img051-037.png,50
Img/img051-038.png,50
Img/img051-039.png,50
Img/img051-040.png,50
Img/img051-041.png,50
Img/img051-042.png,50
Img/img051-043.png,50
Img/img051-044.png,50
Img/img051-045.png,50
Img/img051-046.png,50
Img/img051-047.png,50
Img/img051-048.png,50
Img/img051-049.png,50
Img/img051-050.png,50
Img/img051-051.png,50
Img/img051-052.png,50
Img/img051-053.png,50
Img/img051-054.png,50
Img/img051-055.png,50
Img/img052-001.png,51
Img/img052-002.png,51
Img/img052-003.png,51
Img/img052-004.png,51
Img/img052-005.png,51
Img/img052-006.png,51
Img/img052-007.png,51
Img/img052-008.png,51
Img/img052-009.png,51
Img/img052-010.png,51
Img/img052-011.png,51
Img/img052-012.png,51
Img/img052-013.png,51
Img/img052-014.png,51
Img/img052-015.png,51
Img/img052-016.png,51
Img/img052-017.png,51
Img/img052-018.png,51
Img/img052-019.png,51
Img/img052-020.png,51
Img/img052-021.png,51
Img/img052-022.png,51
Img/img052-023.png,51
Img/img052-024.png,51
Img/img052-025.png,51
Img/img052-026.png,51
Img/img052-027.png,51
Img/img052-028.png,51
Img/img052-029.png,51
Img/img052-030.png,51
Img/img052-031.png,51
Img/img052-032.png,51
Img/img052-033.png,51
Img/img052-034.png,51
Img/img052-035.png,51
Img/img052-036.png,51
Img/img052-037.png,51
Img/img052-038.png,51
Img/img052-039.png,51
Img/img052-040.png,51
Img/img052-041.png,51
Img/img052-042.png,51
Img/img052-043.png,51
Img/img052-044.png,51
Img/img052-045.png,51
Img/img052-046.png,51
Img/img052-047.png,51
Img/img052-048.png,51
Img/img052-049.png,51
Img/img052-050.png,51
Img/img052-051.png,51
Img/img052-052.png,51
Img/img052-053.png,51
Img/img052-054.png,51
Img/img052-055.png,51
Img/img053-001.png,52
Img/img053-002.png,52
Img/img053-003.png,52
Img/img053-004.png,52
Img/img053-005.png,52
Img/img053-006.png,52
Img/img053-007.png,52
Img/img053-008.png,52
Img/img053-009.png,52
Img/img053-010.png,52
Img/img053-011.png,52
Img/img053-012.png,52
Img/img053-013.png,52
Img/img053-014.png,52
Img/img053-015.png,52
Img/img053-016.png,52
Img/img053-017.png,52
Img/img053-018.png,52
Img/img053-019.png,52
Img/img053-020.png,52
Img/img053-021.png,52
Img/img053-022.png,52
Img/img053-023.png,52
Img/img053-024.png,52
Img/img053-025.png,52
Img/img053-026.png,52
Img/img053-027.png,52
Img/img053-028.png,52
Img/img053-029.png,52
Img/img053-030.png,52
Img/img053-031.png,52
Img/img053-032.png,52
Img/img053-033.png,52
Img/img053-034.png,52
Img/img053-035.png,52
Img/img053-036.png,52
Img/img053-037.png,52
Img/img053-038.png,52
Img/img053-039.png,52
Img/img053-040.png,52
Img/img053-041.png,52
Img/img053-042.png,52
Img/img053-043.png,52
Img/img053-044.png,52
Img/img053-045.png,52
Img/img053-046.png,52
Img/img053-047.png,52
Img/img053-048.png,52
Img/img053-049.png,52
Img/img053-050.png,52
Img/img053-051.png,52
Img/img053-052.png,52
Img/img053-053.png,52
Img/img053-054.png,52
Img/img053-055.png,52
Img/img054-001.png,53
Img/img054-002.png,53
Img/img054-003.png,53
Img/img054-004.png,53
Img/img054-005.png,53
Img/img054-006.png,53
Img/img054-007.png,53
Img/img054-008.png,53
Img/img054-009.png,53
Img/img054-010.png,53
Img/img054-011.png,53
Img/img054-012.png,53
Img/img054-013.png,53
Img/img054-014.png,53
Img/img054-015.png,53
Img/img054-016.png,53
Img/img054-017.png,53
Img/img054-018.png,53
Img/img054-019.png,53
Img/img054-020.png,53
Img/img054-021.png,53
Img/img054-022.png,53
Img/img054-023.png,53
Img/img054-024.png,53
Img/img054-025.png,53
Img/img054-026.png,53
Img/img054-027.png,53
Img/img054-028.png,53
Img/img054-029.png,53
Img/img054-030.png,53
Img/img054-031.png,53
Img/img054-032.png,53
Img/img054-033.png,53
Img/img054-034.png,53
Img/img054-035.png,53
Img/img054-036.png,53
Img/img054-037.png,53
Img/img054-038.png,53
Img/img054-039.png,53
Img/img054-040.png,53
Img/img054-041.png,53
Img/img054-042.png,53
Img/img054-043.png,53
Img/img054-044.png,53
Img/img054-045.png,53
Img/img054-046.png,53
Img/img054-047.png,53
Img/img054-048.png,53
Img/img054-049.png,53
Img/img054-050.png,53
Img/img054-051.png,53
Img/img054-052.png,53
Img/img054-053.png,53
Img/img054-054.png,53
Img/img054-055.png,53
Img/img055-001.png,54
Img/img055-002.png,54
Img/img055-003.png,54
Img/img055-004.png,54
Img/img055-005.png,54
Img/img055-006.png,54
Img/img055-007.png,54
Img/img055-008.png,54
Img/img055-009.png,54
Img/img055-010.png,54
Img/img055-011.png,54
Img/img055-012.png,54
Img/img055-013.png,54
Img/img055-014.png,54
Img/img055-015.png,54
Img/img055-016.png,54
Img/img055-017.png,54
Img/img055-018.png,54
Img/img055-019.png,54
Img/img055-020.png,54
Img/img055-021.png,54
Img/img055-022.png,54
Img/img055-023.png,54
Img/img055-024.png,54
Img/img055-025.png,54
Img/img055-026.png,54
Img/img055-027.png,54
Img/img055-028.png,54
Img/img055-029.png,54
Img/img055-030.png,54
Img/img055-031.png,54
Img/img055-032.png,54
Img/img055-033.png,54
Img/img055-034.png,54
Img/img055-035.png,54
Img/img055-036.png,54
Img/img055-037.png,54
Img/img055-038.png,54
Img/img055-039.png,54
Img/img055-040.png,54
Img/img055-041.png,54
Img/img055-042.png,54
Img/img055-043.png,54
Img/img055-044.png,54
Img/img055-045.png,54
Img/img055-046.png,54
Img/img055-047.png,54
Img/img055-048.png,54
Img/img055-049.png,54
Img/img055-050.png,54
Img/img055-051.png,54
Img/img055-052.png,54
Img/img055-053.png,54
Img/img055-054.png,54
Img/img055-055.png,54
Img/img056-001.png,55
Img/img056-002.png,55
Img/img056-003.png,55
Img/img056-004.png,55
Img/img056-005.png,55
Img/img056-006.png,55
Img/img056-007.png,55
Img/img056-008.png,55
Img/img056-009.png,55
Img/img056-010.png,55
Img/img056-011.png,55
Img/img056-012.png,55
Img/img056-013.png,55
Img/img056-014.png,55
Img/img056-015.png,55
Img/img056-016.png,55
Img/img056-017.png,55
Img/img056-018.png,55
Img/img056-019.png,55
Img/img056-020.png,55
Img/img056-021.png,55
Img/img056-022.png,55
Img/img056-023.png,55
Img/img056-024.png,55
Img/img056-025.png,55
Img/img056-026.png,55
Img/img056-027.png,55
Img/img056-028.png,55
Img/img056-029.png,55
Img/img056-030.png,55
Img/img056-031.png,55
Img/img056-032.png,55
Img/img056-033.png,55
Img/img056-034.png,55
Img/img056-035.png,55
Img/img056-036.png,55
Img/img056-037.png,55
Img/img056-038.png,55
Img/img056-039.png,55
Img/img056-040.png,55
Img/img056-041.png,55
Img/img056-042.png,55
Img/img056-043.png,55
Img/img056-044.png,55
Img/img056-045.png,55
Img/img056-046.png,55
Img/img056-047.png,55
Img/img056-048.png,55
Img/img056-049.png,55
Img/img056-050.png,55
Img/img056-051.png,55
Img/img056-052.png,55
Img/img056-053.png,55
Img/img056-054.png,55
Img/img056-055.png,55
Img/img057-001.png,56
Img/img057-002.png,56
Img/img057-003.png,56
Img/img057-004.png,56
Img/img057-005.png,56
Img/img057-006.png,56
Img/img057-007.png,56
Img/img057-008.png,56
Img/img057-009.png,56
Img/img057-010.png,56
Img/img057-011.png,56
Img/img057-012.png,56
Img/img057-013.png,56
Img/img057-014.png,56
Img/img057-015.png,56
Img/img057-016.png,56
Img/img057-017.png,56
Img/img057-018.png,56
Img/img057-019.png,56
Img/img057-020.png,56
Img/img057-021.png,56
Img/img057-022.png,56
Img/img057-023.png,56
Img/img057-024.png,56
Img/img057-025.png,56
Img/img057-026.png,56
Img/img057-027.png,56
Img/img057-028.png,56
Img/img057-029.png,56
Img/img057-030.png,56
Img/img057-031.png,56
Img/img057-032.png,56
Img/img057-033.png,56
Img/img057-034.png,56
Img/img057-035.png,56
Img/img057-036.png,56
Img/img057-037.png,56
Img/img057-038.png,56
Img/img057-039.png,56
Img/img057-040.png,56
Img/img057-041.png,56
Img/img057-042.png,56
Img/img057-043.png,56
Img/img057-044.png,56
Img/img057-045.png,56
Img/img057-046.png,56
Img/img057-047.png,56
Img/img057-048.png,56
Img/img057-049.png,56
Img/img057-050.png,56
Img/img057-051.png,56
Img/img057-052.png,56
Img/img057-053.png,56
Img/img057-054.png,56
Img/img057-055.png,56
Img/img058-001.png,57
Img/img058-002.png,57
Img/img058-003.png,57
Img/img058-004.png,57
Img/img058-005.png,57
Img/img058-006.png,57
Img/img058-007.png,57
Img/img058-008.png,57
Img/img058-009.png,57
Img/img058-010.png,57
Img/img058-011.png,57
Img/img058-012.png,57
Img/img058-013.png,57
Img/img058-014.png,57
Img/img058-015.png,57
Img/img058-016.png,57
Img/img058-017.png,57
Img/img058-018.png,57
Img/img058-019.png,57
Img/img058-020.png,57
Img/img058-021.png,57
Img/img058-022.png,57
Img/img058-023.png,57
Img/img058-024.png,57
Img/img058-025.png,57
Img/img058-026.png,57
Img/img058-027.png,57
Img/img058-028.png,57
Img/img058-029.png,57
Img/img058-030.png,57
Img/img058-031.png,57
Img/img058-032.png,57
Img/img058-033.png,57
Img/img058-034.png,57
Img/img058-035.png,57
Img/img058-036.png,57
Img/img058-037.png,57
Img/img058-038.png,57
Img/img058-039.png,57
Img/img058-040.png,57
Img/img058-041.png,57
Img/img058-042.png,57
Img/img058-043.png,57
Img/img058-044.png,57
Img/img058-045.png,57
Img/img058-046.png,57
Img/img058-047.png,57
Img/img058-048.png,57
Img/img058-049.png,57
Img/img058-050.png,57
Img/img058-051.png,57
Img/img058-052.png,57
Img/img058-053.png,57
Img/img058-054.png,57
Img/img058-055.png,57
Img/img059-001.png,58
Img/img059-002.png,58
Img/img059-003.png,58
Img/img059-004.png,58
Img/img059-005.png,58
Img/img059-006.png,58
Img/img059-007.png,58
Img/img059-008.png,58
Img/img059-009.png,58
Img/img059-010.png,58
Img/img059-011.png,58
Img/img059-012.png,58
Img/img059-013.png,58
Img/img059-014.png,58
Img/img059-015.png,58
Img/img059-016.png,58
Img/img059-017.png,58
Img/img059-018.png,58
Img/img059-019.png,58
Img/img059-020.png,58
Img/img059-021.png,58
Img/img059-022.png,58
Img/img059-023.png,58
Img/img059-024.png,58
Img/img059-025.png,58
Img/img059-026.png,58
Img/img059-027.png,58
Img/img059-028.png,58
Img/img059-029.png,58
Img/img059-030.png,58
Img/img059-031.png,58
Img/img059-032.png,58
Img/img059-033.png,58
Img/img059-034.png,58
Img/img059-035.png,58
Img/img059-036.png,58
Img/img059-037.png,58
Img/img059-038.png,58
Img/img059-039.png,58
Img/img059-040.png,58
Img/img059-041.png,58
Img/img059-042.png,58
Img/img059-043.png,58
Img/img059-044.png,58
Img/img059-045.png,58
Img/img059-046.png,58
Img/img059-047.png,58
Img/img059-048.png,58
Img/img059-049.png,58
Img/img059-050.png,58
Img/img059-051.png,58
Img/img059-052.png,58
Img/img059-053.png,58
Img/img059-054.png,58
Img/img059-055.png,58
Img/img060-001.png,59
Img/img060-002.png,59
Img/img060-003.png,59
Img/img060-004.png,59
Img/img060-005.png,59
Img/img060-006.png,59
Img/img060-007.png,59
Img/img060-008.png,59
Img/img060-009.png,59
Img/img060-010.png,59
Img/img060-011.png,59
Img/img060-012.png,59
Img/img060-013.png,59
Img/img060-014.png,59
Img/img060-015.png,59
Img/img060-016.png,59
Img/img060-017.png,59
Img/img060-018.png,59
Img/img060-019.png,59
Img/img060-020.png,59
Img/img060-021.png,59
Img/img060-022.png,59
Img/img060-023.png,59
Img/img060-024.png,59
Img/img060-025.png,59
Img/img060-026.png,59
Img/img060-027.png,59
Img/img060-028.png,59
Img/img060-029.png,59
Img/img060-030.png,59
Img/img060-031.png,59
Img/img060-032.png,59
Img/img060-033.png,59
Img/img060-034.png,59
Img/img060-035.png,59
Img/img060-036.png,59
Img/img060-037.png,59
Img/img060-038.png,59
Img/img060-039.png,59
Img/img060-040.png,59
Img/img060-041.png,59
Img/img060-042.png,59
Img/img060-043.png,59
Img/img060-044.png,59
Img/img060-045.png,59
Img/img060-046.png,59
Img/img060-047.png,59
Img/img060-048.png,59
Img/img060-049.png,59
Img/img060-050.png,59
Img/img060-051.png,59
Img/img060-052.png,59
Img/img060-053.png,59
Img/img060-054.png,59
Img/img060-055.png,59
Img/img061-001.png,60
Img/img061-002.png,60
Img/img061-003.png,60
Img/img061-004.png,60
Img/img061-005.png,60
Img/img061-006.png,60
Img/img061-007.png,60
Img/img061-008.png,60
Img/img061-009.png,60
Img/img061-010.png,60
Img/img061-011.png,60
Img/img061-012.png,60
Img/img061-013.png,60
Img/img061-014.png,60
Img/img061-015.png,60
Img/img061-016.png,60
Img/img061-017.png,60
Img/img061-018.png,60
Img/img061-019.png,60
Img/img061-020.png,60
Img/img061-021.png,60
Img/img061-022.png,60
Img/img061-023.png,60
Img/img061-024.png,60
Img/img061-025.png,60
Img/img061-026.png,60
Img/img061-027.png,60
Img/img061-028.png,60
Img/img061-029.png,60
Img/img061-030.png,60
Img/img061-031.png,60
Img/img061-032.png,60
Img/img061-033.png,60
Img/img061-034.png,60
Img/img061-035.png,60
Img/img061-036.png,60
Img/img061-037.png,60
Img/img061-038.png,60
Img/img061-039.png,60
Img/img061-040.png,60
Img/img061-041.png,60
Img/img061-042.png,60
Img/img061-043.png,60
Img/img061-044.png,60
Img/img061-045.png,60
Img/img061-046.png,60
Img/img061-047.png,60
Img/img061-048.png,60
Img/img061-049.png,60
Img/img061-050.png,60
Img/img061-051.png,60
Img/img061-052.png,60
Img/img061-053.png,60
Img/img061-054.png,60
Img/img061-055.png,60
Img/img062-001.png,61
Img/img062-002.png,61
Img/img062-003.png,61
Img/img062-004.png,61
Img/img062-005.png,61
Img/img062-006.png,61
Img/img062-007.png,61
Img/img062-008.png,61
Img/img062-009.png,61
Img/img062-010.png,61
Img/img062-011.png,61
Img/img062-012.png,61
Img/img062-013.png,61
Img/img062-014.png,61
Img/img062-015.png,61
Img/img062-016.png,61
Img/img062-017.png,61
Img/img062-018.png,61
Img/img062-019.png,61
Img/img062-020.png,61
Img/img062-021.png,61
Img/img062-022.png,61
Img/img062-023.png,61
Img/img062-024.png,61
Img/img062-025.png,61
Img/img062-026.png,61
Img/img062-027.png,61
Img/img062-028.png,61
Img/img062-029.png,61
Img/img062-030.png,61
Img/img062-031.png,61
Img/img062-032.png,61
Img/img062-033.png,61
Img/img062-034.png,61
Img/img062-035.png,61
Img/img062-036.png,61
Img/img062-037.png,61
Img/img062-038.png,61
Img/img062-039.png,61
Img/img062-040.png,61
Img/img062-041.png,61
Img/img062-042.png,61
Img/img062-043.png,61
Img/img062-044.png,61
Img/img062-045.png,61
Img/img062-046.png,61
Img/img062-047.png,61
Img/img062-048.png,61
Img/img062-049.png,61
Img/img062-050.png,61
Img/img062-051.png,61
Img/img062-052.png,61
Img/img062-053.png,61
Img/img062-054.png,61
Img/img062-055.png,61
